step,t,phi_body,Q_body,I_emit,I_body,I_escape,I_amb_e,I_amb_i,F_beam_N,F_beam_y_N,F_net_N,F_lorentz_z_N,F_lorentz_y_N,F_lorentz_beam_z_N,F_thrust_N,pct_body,pct_escape,pct_inflight,beam_escape_KE_mean
100,3.670877e-09,-2.438884e-02,-1.516798e-14,0.000000e+00,0.000000e+00,0.000000e+00,4.331696e-06,1.997196e-07,0.000000e+00,0.000000e+00,4.694982e-13,-2.618101e-14,-7.666116e-14,0.000000e+00,2.618101e-14,0.0000,0.0000,100.0000,nan
200,7.341753e-09,-4.898725e-02,-3.046629e-14,0.000000e+00,0.000000e+00,0.000000e+00,4.322820e-06,1.553375e-07,0.000000e+00,0.000000e+00,6.524163e-13,-5.271242e-14,-8.524826e-14,0.000000e+00,5.271242e-14,0.0000,0.0000,100.0000,nan
300,1.101263e-08,-7.038970e-02,-4.377696e-14,0.000000e+00,0.000000e+00,0.000000e+00,3.816863e-06,1.908432e-07,0.000000e+00,0.000000e+00,5.723480e-13,-1.038729e-14,-1.139424e-13,0.000000e+00,1.038729e-14,0.0000,0.0000,100.0000,nan
400,1.468351e-08,-9.045613e-02,-5.625674e-14,0.000000e+00,0.000000e+00,0.000000e+00,3.594953e-06,1.952814e-07,0.000000e+00,0.000000e+00,3.820769e-13,1.516894e-14,-1.065626e-13,0.000000e+00,-1.516894e-14,0.0000,0.0000,100.0000,nan
500,1.835438e-08,-1.071170e-01,-6.661853e-14,0.000000e+00,0.000000e+00,0.000000e+00,3.026861e-06,2.041578e-07,0.000000e+00,0.000000e+00,-8.050324e-13,-1.242534e-14,-6.120001e-14,0.000000e+00,1.242534e-14,0.0000,0.0000,100.0000,nan
600,2.202526e-08,-1.224157e-01,-7.613314e-14,0.000000e+00,0.000000e+00,0.000000e+00,2.747254e-06,1.553375e-07,0.000000e+00,0.000000e+00,1.990287e-13,-3.264071e-14,-6.184376e-14,0.000000e+00,3.264071e-14,0.0000,0.0000,100.0000,nan
700,2.569614e-08,-1.363260e-01,-8.478426e-14,0.000000e+00,0.000000e+00,0.000000e+00,2.560849e-06,2.041578e-07,0.000000e+00,0.000000e+00,-2.702110e-13,-8.342100e-14,-7.990197e-14,0.000000e+00,8.342100e-14,0.0000,0.0000,100.0000,nan
800,2.936701e-08,-1.473547e-01,-9.164325e-14,0.000000e+00,0.000000e+00,0.000000e+00,2.068207e-06,1.997196e-07,0.000000e+00,0.000000e+00,2.709571e-13,-9.118530e-14,-9.243715e-14,0.000000e+00,9.118530e-14,0.0000,0.0000,100.0000,nan
900,3.303789e-08,-1.576499e-01,-9.804606e-14,0.000000e+00,0.000000e+00,0.000000e+00,1.966128e-06,2.219107e-07,0.000000e+00,0.000000e+00,-2.022077e-13,-9.362328e-14,-1.202911e-13,0.000000e+00,9.362328e-14,0.0000,0.0000,100.0000,nan
1000,3.670877e-08,-1.655874e-01,-1.029826e-13,0.000000e+00,0.000000e+00,0.000000e+00,1.566689e-06,2.219107e-07,0.000000e+00,0.000000e+00,4.202798e-13,-1.177765e-13,-9.696817e-14,0.000000e+00,1.177765e-13,0.0000,0.0000,100.0000,nan
1100,4.037964e-08,-1.735511e-01,-1.079354e-13,0.000000e+00,0.000000e+00,0.000000e+00,1.526745e-06,1.775285e-07,0.000000e+00,0.000000e+00,-7.785410e-13,-1.486561e-13,-1.023413e-13,0.000000e+00,1.486561e-13,0.0000,0.0000,100.0000,nan
1200,4.405052e-08,-1.795763e-01,-1.116826e-13,0.000000e+00,0.000000e+00,0.000000e+00,1.229385e-06,2.085960e-07,0.000000e+00,0.000000e+00,7.079895e-14,-1.425725e-13,-1.666493e-13,0.000000e+00,1.425725e-13,0.0000,0.0000,100.0000,nan
1300,4.772140e-08,-1.848417e-01,-1.149573e-13,0.000000e+00,0.000000e+00,0.000000e+00,1.149497e-06,2.574164e-07,0.000000e+00,0.000000e+00,-7.299512e-13,-1.288475e-13,-1.648178e-13,0.000000e+00,1.288475e-13,0.0000,0.0000,100.0000,nan
1400,5.139227e-08,-1.893737e-01,-1.177758e-13,0.000000e+00,0.000000e+00,0.000000e+00,9.409012e-07,1.730903e-07,0.000000e+00,0.000000e+00,-4.856155e-13,-1.257595e-13,-2.020615e-13,0.000000e+00,1.257595e-13,0.0000,0.0000,100.0000,nan
1500,5.506315e-08,-1.933032e-01,-1.202197e-13,0.000000e+00,0.000000e+00,0.000000e+00,8.787662e-07,2.130342e-07,0.000000e+00,0.000000e+00,2.289033e-13,-1.074579e-13,-2.005374e-13,0.000000e+00,1.074579e-13,0.0000,0.0000,100.0000,nan
1600,5.873403e-08,-1.966301e-01,-1.222888e-13,0.000000e+00,0.000000e+00,0.000000e+00,7.944402e-07,2.307871e-07,0.000000e+00,0.000000e+00,3.272506e-13,-1.022912e-13,-1.971600e-13,0.000000e+00,1.022912e-13,0.0000,0.0000,100.0000,nan
1700,6.240490e-08,-1.988044e-01,-1.236410e-13,0.000000e+00,0.000000e+00,0.000000e+00,5.769677e-07,2.085960e-07,0.000000e+00,0.000000e+00,-5.494527e-13,-1.152936e-13,-2.345639e-13,0.000000e+00,1.152936e-13,0.0000,0.0000,100.0000,nan
1800,6.607578e-08,-2.015288e-01,-1.253354e-13,0.000000e+00,0.000000e+00,0.000000e+00,6.568556e-07,1.952814e-07,0.000000e+00,0.000000e+00,4.033835e-13,-1.485878e-13,-2.286489e-13,0.000000e+00,1.485878e-13,0.0000,0.0000,100.0000,nan
1900,6.974666e-08,-2.041747e-01,-1.269809e-13,0.000000e+00,0.000000e+00,0.000000e+00,6.479791e-07,1.997196e-07,0.000000e+00,0.000000e+00,-8.192194e-14,-1.781407e-13,-2.350889e-13,0.000000e+00,1.781407e-13,0.0000,0.0000,100.0000,nan
2000,7.341753e-08,-2.061394e-01,-1.282028e-13,0.000000e+00,0.000000e+00,0.000000e+00,6.435409e-07,3.106749e-07,0.000000e+00,0.000000e+00,5.635861e-13,-1.712986e-13,-1.910979e-13,0.000000e+00,1.712986e-13,0.0000,0.0000,100.0000,nan
2100,7.708841e-08,-2.073182e-01,-1.289359e-13,0.000000e+00,0.000000e+00,0.000000e+00,4.748888e-07,2.751692e-07,0.000000e+00,0.000000e+00,4.773661e-13,-2.133362e-13,-1.655128e-13,0.000000e+00,2.133362e-13,0.0000,0.0000,100.0000,nan
2200,8.075929e-08,-2.084185e-01,-1.296202e-13,0.000000e+00,0.000000e+00,0.000000e+00,5.192710e-07,3.328660e-07,0.000000e+00,0.000000e+00,-9.040023e-13,-2.652834e-13,-1.344348e-13,0.000000e+00,2.652834e-13,0.0000,0.0000,100.0000,nan
2300,8.443016e-08,-2.102784e-01,-1.307770e-13,0.000000e+00,0.000000e+00,0.000000e+00,6.035970e-07,2.884839e-07,0.000000e+00,0.000000e+00,-1.864346e-13,-2.465411e-13,-1.346325e-13,0.000000e+00,2.465411e-13,0.0000,0.0000,100.0000,nan
2400,8.810104e-08,-2.120598e-01,-1.318848e-13,0.000000e+00,0.000000e+00,0.000000e+00,6.257881e-07,3.239896e-07,0.000000e+00,0.000000e+00,-4.318997e-13,-2.109159e-13,-1.254525e-13,0.000000e+00,2.109159e-13,0.0000,0.0000,100.0000,nan
2500,9.177192e-08,-2.135530e-01,-1.328135e-13,0.000000e+00,0.000000e+00,0.000000e+00,5.192710e-07,2.662928e-07,0.000000e+00,0.000000e+00,2.631252e-13,-1.942969e-13,-9.589065e-14,0.000000e+00,1.942969e-13,0.0000,0.0000,100.0000,nan
2600,9.544279e-08,-2.156749e-01,-1.341331e-13,0.000000e+00,0.000000e+00,0.000000e+00,6.035970e-07,2.441017e-07,0.000000e+00,0.000000e+00,9.868017e-14,-1.652367e-13,-1.000191e-13,0.000000e+00,1.652367e-13,0.0000,0.0000,100.0000,nan
2700,9.911367e-08,-2.177444e-01,-1.354202e-13,0.000000e+00,0.000000e+00,0.000000e+00,6.391027e-07,2.884839e-07,0.000000e+00,0.000000e+00,-8.884657e-13,-1.449369e-13,-8.993496e-14,0.000000e+00,1.449369e-13,0.0000,0.0000,100.0000,nan
2800,1.027845e-07,-2.201545e-01,-1.369191e-13,0.000000e+00,0.000000e+00,0.000000e+00,7.323052e-07,3.239896e-07,0.000000e+00,0.000000e+00,2.859207e-13,-1.155813e-13,-7.927327e-14,0.000000e+00,1.155813e-13,0.0000,0.0000,100.0000,nan
2900,1.064554e-07,-2.224859e-01,-1.383691e-13,0.000000e+00,0.000000e+00,0.000000e+00,6.612938e-07,2.662928e-07,0.000000e+00,0.000000e+00,-3.979106e-13,-1.358100e-13,-6.968285e-14,0.000000e+00,1.358100e-13,0.0000,0.0000,100.0000,nan
3000,1.101263e-07,-2.243983e-01,-1.395584e-13,0.000000e+00,0.000000e+00,0.000000e+00,6.568556e-07,3.328660e-07,0.000000e+00,0.000000e+00,4.289900e-13,-1.119502e-13,-2.510959e-14,0.000000e+00,1.119502e-13,0.0000,0.0000,100.0000,nan
3100,1.137972e-07,-2.268607e-01,-1.410899e-13,0.000000e+00,0.000000e+00,0.000000e+00,7.500580e-07,3.328660e-07,0.000000e+00,0.000000e+00,-4.765877e-13,-8.748426e-14,-2.158539e-14,0.000000e+00,8.748426e-14,0.0000,0.0000,100.0000,nan
3200,1.174681e-07,-2.294018e-01,-1.426702e-13,0.000000e+00,0.000000e+00,0.000000e+00,7.722491e-07,3.417424e-07,0.000000e+00,0.000000e+00,-1.774509e-13,-2.602970e-14,-3.832615e-15,0.000000e+00,2.602970e-14,0.0000,0.0000,100.0000,nan
3300,1.211389e-07,-2.322048e-01,-1.444135e-13,0.000000e+00,0.000000e+00,0.000000e+00,7.544963e-07,2.796074e-07,0.000000e+00,0.000000e+00,-5.150281e-13,6.381974e-15,6.242989e-14,0.000000e+00,-6.381974e-15,0.0000,0.0000,100.0000,nan
3400,1.248098e-07,-2.340385e-01,-1.455539e-13,0.000000e+00,0.000000e+00,0.000000e+00,7.012377e-07,3.905628e-07,0.000000e+00,0.000000e+00,-3.611339e-13,-3.610519e-14,1.193401e-13,0.000000e+00,3.610519e-14,0.0000,0.0000,100.0000,nan
3500,1.284807e-07,-2.356103e-01,-1.465315e-13,0.000000e+00,0.000000e+00,0.000000e+00,7.456198e-07,4.793270e-07,0.000000e+00,0.000000e+00,-7.401046e-13,-3.101825e-14,1.509790e-13,0.000000e+00,3.101825e-14,0.0000,0.0000,100.0000,nan
3600,1.321516e-07,-2.373131e-01,-1.475904e-13,0.000000e+00,0.000000e+00,0.000000e+00,6.524174e-07,3.639335e-07,0.000000e+00,0.000000e+00,1.175488e-13,2.694099e-14,1.354760e-13,0.000000e+00,-2.694099e-14,0.0000,0.0000,100.0000,nan
3700,1.358224e-07,-2.390945e-01,-1.486983e-13,0.000000e+00,0.000000e+00,0.000000e+00,6.746084e-07,3.728099e-07,0.000000e+00,0.000000e+00,-5.853576e-13,5.227173e-14,7.883382e-14,0.000000e+00,-5.227173e-14,0.0000,0.0000,100.0000,nan
3800,1.394933e-07,-2.410592e-01,-1.499202e-13,0.000000e+00,0.000000e+00,0.000000e+00,6.879231e-07,3.550571e-07,0.000000e+00,0.000000e+00,4.344121e-13,5.345762e-14,9.896164e-14,0.000000e+00,-5.345762e-14,0.0000,0.0000,100.0000,nan
3900,1.431642e-07,-2.423166e-01,-1.507022e-13,0.000000e+00,0.000000e+00,0.000000e+00,6.035970e-07,3.905628e-07,0.000000e+00,0.000000e+00,4.985545e-14,3.549481e-14,8.397196e-14,0.000000e+00,-3.549481e-14,0.0000,0.0000,100.0000,nan
4000,1.468351e-07,-2.439146e-01,-1.516961e-13,0.000000e+00,0.000000e+00,0.000000e+00,6.657320e-07,3.950010e-07,0.000000e+00,0.000000e+00,-1.399824e-13,7.132870e-15,1.223684e-13,0.000000e+00,-7.132870e-15,0.0000,0.0000,100.0000,nan
4100,1.505059e-07,4.274246e-02,2.658251e-14,4.868550e-05,0.000000e+00,0.000000e+00,5.547767e-07,4.349449e-07,0.000000e+00,0.000000e+00,8.320903e-13,3.080217e-14,-2.988019e-12,-5.181719e-15,-3.080217e-14,0.0000,0.0000,100.0000,nan
4200,1.541768e-07,2.067138e+00,1.285600e-12,3.438224e-04,0.000000e+00,0.000000e+00,1.309273e-06,4.615742e-07,0.000000e+00,0.000000e+00,-5.575058e-15,-1.345542e-12,-1.863590e-10,-1.372929e-12,1.345542e-12,0.0000,0.0000,100.0000,nan
4300,1.578477e-07,4.050448e+00,2.519066e-12,3.438829e-04,0.000000e+00,2.478122e-04,8.263953e-06,3.950010e-07,1.078162e-08,-2.911427e-10,-6.254048e-12,-5.254684e-12,-3.947432e-10,-5.265035e-12,1.078688e-08,0.0000,33.6523,66.3477,1.673547e+02
4400,1.615186e-07,5.868212e+00,3.649575e-12,3.416149e-04,0.000000e+00,3.404054e-04,3.395855e-05,3.106749e-07,1.464227e-08,-4.063824e-10,-2.030971e-11,-5.552483e-12,-4.060904e-10,-5.543717e-12,1.464783e-08,0.0000,54.5653,45.4347,1.636276e+02
4500,1.651895e-07,7.448675e+00,4.632501e-12,3.460299e-04,0.000000e+00,3.406775e-04,7.853303e-05,2.662928e-07,1.459030e-08,-4.011968e-10,-1.525288e-11,-5.660864e-12,-4.088085e-10,-5.677106e-12,1.459596e-08,0.0000,65.2298,34.7702,1.622064e+02
4600,1.688603e-07,8.676956e+00,5.396397e-12,3.398006e-04,0.000000e+00,3.441248e-04,1.318462e-04,1.420228e-07,1.467387e-08,-4.153871e-10,1.663670e-11,-5.874771e-12,-4.090251e-10,-5.785489e-12,1.467975e-08,0.0000,72.1734,27.8266,1.608043e+02
4700,1.725312e-07,9.598847e+00,5.969742e-12,3.441248e-04,0.000000e+00,3.408892e-04,1.880217e-04,8.432605e-08,1.449234e-08,-4.052634e-10,7.423819e-11,-5.872330e-12,-4.089104e-10,-5.732165e-12,1.449821e-08,0.0000,76.5626,23.4374,1.598287e+02
4800,1.762021e-07,1.016828e+01,6.323885e-12,3.406170e-04,0.000000e+00,3.414033e-04,2.441877e-04,4.438213e-08,1.447344e-08,-4.109334e-10,1.568456e-10,-5.858678e-12,-4.123816e-10,-5.606020e-12,1.447930e-08,0.0000,79.8550,20.1450,1.589529e+02
4900,1.798730e-07,1.042605e+01,6.484200e-12,3.402542e-04,0.000000e+00,3.420988e-04,2.965865e-04,4.438213e-09,1.446846e-08,-3.990039e-10,2.385044e-10,-6.006629e-12,-4.112837e-10,-5.527544e-12,1.447447e-08,0.0000,82.3790,17.6210,1.581940e+02
5000,1.835438e-07,1.041185e+01,6.475368e-12,3.425826e-04,0.000000e+00,3.410706e-04,3.449884e-04,0.000000e+00,1.443161e-08,-4.023961e-10,3.264268e-10,-6.093550e-12,-4.114746e-10,-5.535892e-12,1.443770e-08,0.0000,84.2585,15.7415,1.583399e+02
5100,1.872147e-07,1.011149e+01,6.288569e-12,3.397401e-04,0.000000e+00,3.397401e-04,3.906269e-04,0.000000e+00,1.436489e-08,-3.966599e-10,3.847276e-10,-5.966318e-12,-4.118627e-10,-5.440195e-12,1.437085e-08,0.0000,85.7992,14.2008,1.581141e+02
5200,1.908856e-07,9.636004e+00,5.992851e-12,3.452134e-04,0.000000e+00,3.413730e-04,4.257712e-04,0.000000e+00,1.444163e-08,-3.965529e-10,4.040702e-10,-6.017918e-12,-4.127358e-10,-5.589053e-12,1.444765e-08,0.0000,86.9831,13.0169,1.582774e+02
5300,1.945565e-07,8.988887e+00,5.590395e-12,3.420081e-04,0.000000e+00,3.446389e-04,4.516431e-04,0.000000e+00,1.459422e-08,-4.072480e-10,4.171620e-10,-6.170120e-12,-4.122023e-10,-5.749023e-12,1.460039e-08,0.0000,88.1169,11.8831,1.586019e+02
5400,1.982273e-07,8.272942e+00,5.145132e-12,3.427036e-04,0.000000e+00,3.436712e-04,4.639996e-04,0.000000e+00,1.458124e-08,-4.077701e-10,3.914483e-10,-5.612165e-12,-4.057946e-10,-5.466238e-12,1.458685e-08,0.0000,89.0432,10.9568,1.592058e+02
5500,2.018982e-07,7.518997e+00,4.676236e-12,3.392260e-04,0.000000e+00,3.418871e-04,4.669600e-04,0.000000e+00,1.452931e-08,-3.908143e-10,2.992783e-10,-4.981063e-12,-4.003074e-10,-5.367611e-12,1.453429e-08,0.0000,89.8661,10.1339,1.597132e+02
5600,2.055691e-07,6.835549e+00,4.251184e-12,3.407682e-04,0.000000e+00,3.412823e-04,4.565585e-04,0.000000e+00,1.454140e-08,-3.942199e-10,2.393548e-10,-4.515182e-12,-3.953633e-10,-5.384594e-12,1.454591e-08,0.0000,90.5425,9.4575,1.605459e+02
5700,2.092400e-07,6.262178e+00,3.894592e-12,3.392865e-04,0.000000e+00,3.415545e-04,4.364274e-04,0.000000e+00,1.457869e-08,-3.940719e-10,1.668198e-10,-4.000547e-12,-3.908762e-10,-5.425824e-12,1.458269e-08,0.0000,91.1649,8.8351,1.611077e+02
5800,2.129108e-07,5.874889e+00,3.653728e-12,3.421593e-04,0.000000e+00,3.399518e-04,4.077742e-04,0.000000e+00,1.453220e-08,-3.987751e-10,1.111029e-10,-3.277964e-12,-3.878802e-10,-5.347739e-12,1.453548e-08,0.0000,91.6429,8.3571,1.615882e+02
5900,2.165817e-07,5.645797e+00,3.511250e-12,3.432176e-04,0.000000e+00,3.418569e-04,3.820305e-04,0.000000e+00,1.463354e-08,-3.920128e-10,5.030618e-11,-2.756387e-12,-3.871594e-10,-5.341889e-12,1.463630e-08,0.0000,92.0831,7.9169,1.620203e+02
6000,2.202526e-07,5.540526e+00,3.445780e-12,3.411311e-04,0.000000e+00,3.418569e-04,3.589663e-04,0.000000e+00,1.465189e-08,-3.906780e-10,3.152280e-11,-2.314773e-12,-3.847436e-10,-5.366560e-12,1.465420e-08,0.0000,92.5067,7.4933,1.624338e+02
6100,2.239235e-07,5.589524e+00,3.476252e-12,3.414033e-04,0.000000e+00,3.434596e-04,3.331020e-04,0.000000e+00,1.472338e-08,-3.951922e-10,9.491489e-12,-2.138389e-12,-3.827210e-10,-5.313348e-12,1.472552e-08,0.0000,92.9080,7.0920,1.624913e+02
6200,2.275944e-07,5.748217e+00,3.574948e-12,3.403449e-04,0.000000e+00,3.423709e-04,3.134588e-04,0.000000e+00,1.467812e-08,-3.930316e-10,1.741123e-11,-2.072314e-12,-3.802844e-10,-5.373987e-12,1.468020e-08,0.0000,93.2699,6.7301,1.625194e+02
6300,2.312652e-07,6.030160e+00,3.750295e-12,3.429757e-04,0.000000e+00,3.397401e-04,2.952087e-04,0.000000e+00,1.454786e-08,-3.878995e-10,8.716618e-12,-1.705312e-12,-3.800240e-10,-5.381075e-12,1.454957e-08,0.0000,93.5320,6.4680,1.621245e+02
6400,2.349361e-07,6.359192e+00,3.954927e-12,3.408892e-04,0.000000e+00,3.413126e-04,2.851443e-04,0.000000e+00,1.462024e-08,-3.961121e-10,3.348838e-11,-1.429664e-12,-3.814559e-10,-5.330799e-12,1.462167e-08,0.0000,93.8160,6.1840,1.622473e+02
6500,2.386070e-07,6.742439e+00,4.193277e-12,3.433688e-04,0.000000e+00,3.418266e-04,2.784389e-04,0.000000e+00,1.461885e-08,-3.904359e-10,4.323316e-11,-1.338452e-12,-3.818754e-10,-5.326697e-12,1.462019e-08,0.0000,94.0546,5.9454,1.617259e+02
6600,2.422779e-07,7.150624e+00,4.447137e-12,3.427036e-04,0.000000e+00,3.412823e-04,2.735485e-04,0.000000e+00,1.458807e-08,-3.913672e-10,7.508283e-11,-1.166672e-12,-3.857371e-10,-5.222669e-12,1.458924e-08,0.0000,94.2750,5.7250,1.615528e+02
6700,2.459487e-07,7.548668e+00,4.694689e-12,3.416149e-04,0.000000e+00,3.428548e-04,2.741781e-04,0.000000e+00,1.463340e-08,-3.829755e-10,8.750543e-11,-9.492963e-13,-3.862465e-10,-5.244605e-12,1.463434e-08,0.0000,94.5076,5.4924,1.610727e+02
6800,2.496196e-07,7.916649e+00,4.923545e-12,3.408590e-04,0.000000e+00,3.427036e-04,2.785153e-04,0.000000e+00,1.461822e-08,-3.878398e-10,1.094922e-10,-7.738131e-13,-3.866051e-10,-5.246089e-12,1.461899e-08,0.0000,94.7292,5.2708,1.608843e+02
6900,2.532905e-07,8.248917e+00,5.130190e-12,3.395889e-04,0.000000e+00,3.408590e-04,2.832959e-04,0.000000e+00,1.452675e-08,-3.881927e-10,1.345193e-10,-4.966496e-13,-3.873491e-10,-5.223589e-12,1.452725e-08,0.0000,94.9285,5.0715,1.606024e+02
7000,2.569614e-07,8.538881e+00,5.310525e-12,3.410404e-04,0.000000e+00,3.392260e-04,2.919143e-04,0.000000e+00,1.444034e-08,-3.838128e-10,1.438417e-10,-3.154422e-13,-3.885126e-10,-5.209651e-12,1.444066e-08,0.0000,95.0839,4.9161,1.602318e+02
7100,2.606322e-07,8.769878e+00,5.454188e-12,3.413730e-04,0.000000e+00,3.407078e-04,3.022374e-04,0.000000e+00,1.449514e-08,-3.849488e-10,1.726506e-10,-1.624508e-13,-3.907762e-10,-5.295679e-12,1.449530e-08,0.0000,95.2403,4.7597,1.600552e+02
7200,2.643031e-07,8.921893e+00,5.548729e-12,3.416754e-04,0.000000e+00,3.398913e-04,3.159210e-04,0.000000e+00,1.445715e-08,-3.898808e-10,1.802809e-10,-1.737897e-14,-3.915477e-10,-5.208715e-12,1.445717e-08,0.0000,95.3763,4.6237,1.599735e+02
7300,2.679740e-07,8.987606e+00,5.589598e-12,3.406473e-04,0.000000e+00,3.416452e-04,3.295141e-04,0.000000e+00,1.451886e-08,-3.826480e-10,1.877611e-10,1.353078e-13,-3.931803e-10,-5.272856e-12,1.451872e-08,0.0000,95.5288,4.4712,1.596830e+02
7400,2.716449e-07,8.982718e+00,5.586557e-12,3.416754e-04,0.000000e+00,3.417057e-04,3.425036e-04,0.000000e+00,1.452530e-08,-3.901104e-10,1.817178e-10,1.058723e-13,-3.924999e-10,-5.365263e-12,1.452520e-08,0.0000,95.6639,4.3361,1.597626e+02
7500,2.753158e-07,8.934081e+00,5.556309e-12,3.422802e-04,0.000000e+00,3.397401e-04,3.505203e-04,0.000000e+00,1.443604e-08,-3.918825e-10,1.749049e-10,3.175754e-13,-3.942193e-10,-5.344017e-12,1.443572e-08,0.0000,95.7693,4.2307,1.596487e+02
7600,2.789866e-07,8.803514e+00,5.475107e-12,3.424919e-04,0.000000e+00,3.442155e-04,3.646125e-04,0.000000e+00,1.463581e-08,-3.901865e-10,1.545300e-10,4.587479e-13,-3.937103e-10,-5.300004e-12,1.463535e-08,0.0000,95.9043,4.0957,1.598606e+02
7700,2.826575e-07,8.665435e+00,5.389232e-12,3.430362e-04,0.000000e+00,3.406473e-04,3.664297e-04,0.000000e+00,1.449127e-08,-3.877300e-10,1.336762e-10,6.688431e-13,-3.930312e-10,-5.299949e-12,1.449060e-08,0.0000,95.9987,4.0013,1.600077e+02
7800,2.863284e-07,8.488217e+00,5.279016e-12,3.414637e-04,0.000000e+00,3.432781e-04,3.714882e-04,0.000000e+00,1.461215e-08,-3.947748e-10,1.110549e-10,5.092818e-13,-3.914955e-10,-5.499410e-12,1.461164e-08,0.0000,96.1206,3.8794,1.602121e+02
7900,2.899993e-07,8.321539e+00,5.175355e-12,3.411614e-04,0.000000e+00,3.434596e-04,3.694001e-04,0.000000e+00,1.461503e-08,-3.977161e-10,9.029127e-11,7.875842e-13,-3.889496e-10,-5.255750e-12,1.461425e-08,0.0000,96.2397,3.7603,1.600967e+02
8000,2.936701e-07,8.160283e+00,5.075066e-12,3.404356e-04,0.000000e+00,3.397401e-04,3.677557e-04,0.000000e+00,1.447353e-08,-3.841689e-10,7.710538e-11,9.125443e-13,-3.872062e-10,-5.149276e-12,1.447262e-08,0.0000,96.3302,3.6698,1.604706e+02
8100,2.973410e-07,8.036180e+00,4.997884e-12,3.416452e-04,0.000000e+00,3.407078e-04,3.626707e-04,0.000000e+00,1.451130e-08,-3.802527e-10,6.544409e-11,1.028758e-12,-3.867352e-10,-5.135380e-12,1.451028e-08,0.0000,96.4148,3.5852,1.603812e+02
8200,3.010119e-07,7.939676e+00,4.937866e-12,3.406170e-04,0.000000e+00,3.427640e-04,3.569668e-04,0.000000e+00,1.461368e-08,-3.853072e-10,6.682556e-11,9.663542e-13,-3.858180e-10,-5.244980e-12,1.461272e-08,0.0000,96.5169,3.4831,1.607091e+02
8300,3.046828e-07,7.900063e+00,4.913229e-12,3.420988e-04,0.000000e+00,3.405868e-04,3.488102e-04,0.000000e+00,1.452546e-08,-3.874094e-10,4.179306e-11,9.278413e-13,-3.853815e-10,-5.276023e-12,1.452453e-08,0.0000,96.5891,3.4109,1.608066e+02
8400,3.083536e-07,7.919382e+00,4.925245e-12,3.417964e-04,0.000000e+00,3.416754e-04,3.385233e-04,0.000000e+00,1.457632e-08,-3.926668e-10,5.308027e-11,8.232904e-13,-3.863405e-10,-5.291129e-12,1.457549e-08,0.0000,96.6674,3.3326,1.609020e+02
8500,3.120245e-07,7.975678e+00,4.960257e-12,3.426733e-04,0.000000e+00,3.425524e-04,3.331356e-04,0.000000e+00,1.460819e-08,-3.862966e-10,5.851505e-11,8.203137e-13,-3.859670e-10,-5.241914e-12,1.460737e-08,0.0000,96.7423,3.2577,1.607778e+02
8600,3.156954e-07,8.067838e+00,5.017573e-12,3.423105e-04,0.000000e+00,3.433688e-04,3.266966e-04,0.000000e+00,1.464598e-08,-3.870475e-10,7.188748e-11,6.529184e-13,-3.866795e-10,-5.168456e-12,1.464533e-08,0.0000,96.8214,3.1786,1.608431e+02
8700,3.193663e-07,8.192038e+00,5.094816e-12,3.407682e-04,0.000000e+00,3.401635e-04,3.197262e-04,0.000000e+00,1.450354e-08,-3.833683e-10,6.857888e-11,4.474872e-13,-3.868113e-10,-5.233183e-12,1.450309e-08,0.0000,96.8863,3.1137,1.607183e+02
8800,3.230371e-07,8.341712e+00,5.187901e-12,3.403146e-04,0.000000e+00,3.424919e-04,3.149568e-04,0.000000e+00,1.459322e-08,-3.865605e-10,8.610771e-11,5.414792e-13,-3.858712e-10,-5.232307e-12,1.459268e-08,0.0000,96.9656,3.0344,1.605001e+02
8900,3.267080e-07,8.512808e+00,5.294310e-12,3.411614e-04,0.000000e+00,3.398913e-04,3.121741e-04,0.000000e+00,1.448007e-08,-3.869879e-10,7.390961e-11,6.081279e-13,-3.860709e-10,-5.295752e-12,1.447947e-08,0.0000,97.0208,2.9792,1.604518e+02
9000,3.303789e-07,8.679578e+00,5.398028e-12,3.421593e-04,0.000000e+00,3.408892e-04,3.139049e-04,0.000000e+00,1.452286e-08,-3.893521e-10,1.035516e-10,7.091314e-13,-3.884055e-10,-5.356024e-12,1.452215e-08,0.0000,97.0739,2.9261,1.604639e+02
9100,3.340498e-07,8.858684e+00,5.509418e-12,3.420988e-04,0.000000e+00,3.415242e-04,3.117545e-04,0.000000e+00,1.453973e-08,-3.953933e-10,1.114347e-10,8.985414e-13,-3.891851e-10,-5.258691e-12,1.453883e-08,0.0000,97.1290,2.8710,1.602397e+02
9200,3.377207e-07,9.019327e+00,5.609326e-12,3.425826e-04,0.000000e+00,3.421895e-04,3.153664e-04,0.000000e+00,1.456580e-08,-3.841582e-10,1.115563e-10,1.042129e-12,-3.898433e-10,-5.250318e-12,1.456476e-08,0.0000,97.1830,2.8170,1.601879e+02
9300,3.413915e-07,9.191672e+00,5.716511e-12,3.453646e-04,0.000000e+00,3.415545e-04,3.161659e-04,0.000000e+00,1.452601e-08,-3.858432e-10,1.087115e-10,1.018749e-12,-3.925756e-10,-5.238987e-12,1.452499e-08,0.0000,97.2162,2.7838,1.599037e+02
9400,3.450624e-07,9.334432e+00,5.805297e-12,3.451227e-04,0.000000e+00,3.443667e-04,3.209361e-04,0.000000e+00,1.464284e-08,-3.898046e-10,1.209089e-10,9.904376e-13,-3.953148e-10,-5.297818e-12,1.464185e-08,0.0000,97.2649,2.7351,1.598407e+02
9500,3.487333e-07,9.418821e+00,5.857780e-12,3.400425e-04,0.000000e+00,3.446994e-04,3.257453e-04,0.000000e+00,1.466023e-08,-3.890103e-10,1.190805e-10,1.109040e-12,-3.937480e-10,-5.155638e-12,1.465912e-08,0.0000,97.3403,2.6597,1.599106e+02
9600,3.524042e-07,9.486822e+00,5.900072e-12,3.414335e-04,0.000000e+00,3.426431e-04,3.299127e-04,0.000000e+00,1.456549e-08,-3.824403e-10,1.196209e-10,1.261848e-12,-3.905217e-10,-5.042289e-12,1.456423e-08,0.0000,97.3949,2.6051,1.597431e+02
9700,3.560750e-07,9.513510e+00,5.916669e-12,3.416452e-04,0.000000e+00,3.405868e-04,3.371238e-04,0.000000e+00,1.446597e-08,-3.779592e-10,1.068659e-10,9.312471e-13,-3.923439e-10,-5.306617e-12,1.446503e-08,0.0000,97.4358,2.5642,1.594717e+02
9800,3.597459e-07,9.540956e+00,5.933739e-12,3.446389e-04,0.000000e+00,3.416149e-04,3.399890e-04,0.000000e+00,1.451206e-08,-3.939698e-10,1.068360e-10,6.971613e-13,-3.944482e-10,-5.368834e-12,1.451136e-08,0.0000,97.4655,2.5345,1.595389e+02
9900,3.634168e-07,9.517546e+00,5.919179e-12,3.433688e-04,0.000000e+00,3.437317e-04,3.473350e-04,0.000000e+00,1.460714e-08,-3.897463e-10,1.074553e-10,8.340105e-13,-3.950748e-10,-5.332978e-12,1.460630e-08,0.0000,97.5111,2.4889,1.596454e+02
10000,3.670877e-07,9.507090e+00,5.912676e-12,3.450622e-04,0.000000e+00,3.447598e-04,3.468337e-04,0.000000e+00,1.465536e-08,-3.976917e-10,9.194155e-11,1.008876e-12,-3.954462e-10,-5.433319e-12,1.465435e-08,0.0000,97.5521,2.4479,1.597429e+02
10100,3.707585e-07,9.448531e+00,5.876257e-12,3.424919e-04,0.000000e+00,3.430664e-04,3.524129e-04,0.000000e+00,1.458275e-08,-3.958217e-10,8.302841e-11,1.313627e-12,-3.950358e-10,-5.392697e-12,1.458144e-08,0.0000,97.5957,2.4043,1.597375e+02
10200,3.744294e-07,9.380532e+00,5.833967e-12,3.410102e-04,0.000000e+00,3.437619e-04,3.525307e-04,0.000000e+00,1.460880e-08,-3.901301e-10,8.577677e-11,1.360156e-12,-3.921772e-10,-5.475518e-12,1.460744e-08,0.0000,97.6480,2.3520,1.596570e+02
10300,3.781003e-07,9.308734e+00,5.789315e-12,3.398006e-04,0.000000e+00,3.412218e-04,3.519645e-04,0.000000e+00,1.449941e-08,-3.975251e-10,7.262439e-11,1.378858e-12,-3.899990e-10,-5.402290e-12,1.449803e-08,0.0000,97.6923,2.3077,1.596293e+02
10400,3.817712e-07,9.255362e+00,5.756121e-12,3.418569e-04,0.000000e+00,3.383491e-04,3.508993e-04,0.000000e+00,1.438702e-08,-3.899151e-10,6.762839e-11,1.699571e-12,-3.917622e-10,-5.311068e-12,1.438532e-08,0.0000,97.7126,2.2874,1.598253e+02
10500,3.854421e-07,9.243803e+00,5.748932e-12,3.446994e-04,0.000000e+00,3.434898e-04,3.466577e-04,0.000000e+00,1.461029e-08,-3.909902e-10,8.605762e-11,1.658856e-12,-3.933500e-10,-5.251827e-12,1.460863e-08,0.0000,97.7431,2.2569,1.599313e+02
10600,3.891129e-07,9.211110e+00,5.728600e-12,3.399820e-04,0.000000e+00,3.437619e-04,3.455208e-04,0.000000e+00,1.462137e-08,-3.937768e-10,7.879047e-11,1.786014e-12,-3.936663e-10,-5.192787e-12,1.461958e-08,0.0000,97.7945,2.2055,1.599160e+02
10700,3.927838e-07,9.208057e+00,5.726701e-12,3.422802e-04,0.000000e+00,3.422197e-04,3.427974e-04,0.000000e+00,1.456104e-08,-3.815569e-10,9.704826e-11,1.956337e-12,-3.908363e-10,-5.187812e-12,1.455908e-08,0.0000,97.8276,2.1724,1.600245e+02
10800,3.964547e-07,9.214924e+00,5.730972e-12,3.404356e-04,0.000000e+00,3.404356e-04,3.392723e-04,0.000000e+00,1.448062e-08,-3.906164e-10,7.706207e-11,1.784152e-12,-3.912989e-10,-5.290164e-12,1.447884e-08,0.0000,97.8598,2.1402,1.599386e+02
10900,4.001256e-07,9.227407e+00,5.738735e-12,3.375326e-04,0.000000e+00,3.418266e-04,3.354177e-04,0.000000e+00,1.454114e-08,-3.871595e-10,8.859805e-11,1.941365e-12,-3.891912e-10,-5.307700e-12,1.453920e-08,0.0000,97.9093,2.0907,1.599590e+02
11000,4.037964e-07,9.284529e+00,5.774261e-12,3.413126e-04,0.000000e+00,3.391958e-04,3.316349e-04,0.000000e+00,1.442977e-08,-3.899113e-10,8.385647e-11,2.028619e-12,-3.883142e-10,-5.303961e-12,1.442774e-08,0.0000,97.9305,2.0695,1.599694e+02
11100,4.074673e-07,9.368426e+00,5.826438e-12,3.417359e-04,0.000000e+00,3.394377e-04,3.275220e-04,0.000000e+00,1.444169e-08,-3.871435e-10,8.996786e-11,2.162067e-12,-3.911229e-10,-5.197861e-12,1.443952e-08,0.0000,97.9504,2.0496,1.600038e+02
11200,4.111382e-07,9.446802e+00,5.875182e-12,3.407380e-04,0.000000e+00,3.418871e-04,3.274594e-04,0.000000e+00,1.454292e-08,-3.866988e-10,9.518324e-11,1.952936e-12,-3.905550e-10,-5.337272e-12,1.454097e-08,0.0000,97.9838,2.0162,1.599441e+02
11300,4.148091e-07,9.550480e+00,5.939662e-12,3.438224e-04,0.000000e+00,3.393470e-04,3.262572e-04,0.000000e+00,1.443154e-08,-3.890054e-10,9.261692e-11,2.252513e-12,-3.915336e-10,-5.309791e-12,1.442929e-08,0.0000,97.9938,2.0062,1.598749e+02
11400,4.184799e-07,9.647852e+00,6.000220e-12,3.425524e-04,0.000000e+00,3.425221e-04,3.260556e-04,0.000000e+00,1.455982e-08,-3.947185e-10,9.469490e-11,2.362595e-12,-3.935945e-10,-5.164000e-12,1.455746e-08,0.0000,98.0212,1.9788,1.597158e+02
11500,4.221508e-07,9.756172e+00,6.067586e-12,3.437922e-04,0.000000e+00,3.443063e-04,3.254405e-04,0.000000e+00,1.463226e-08,-3.839633e-10,9.202426e-11,2.121066e-12,-3.933494e-10,-5.250999e-12,1.463014e-08,0.0000,98.0500,1.9500,1.596428e+02
11600,4.258217e-07,9.858104e+00,6.130980e-12,3.418569e-04,0.000000e+00,3.423105e-04,3.245874e-04,0.000000e+00,1.454088e-08,-3.882565e-10,9.763862e-11,2.207516e-12,-3.930177e-10,-5.267998e-12,1.453868e-08,0.0000,98.0777,1.9223,1.594999e+02
11700,4.294926e-07,9.953090e+00,6.190054e-12,3.440643e-04,0.000000e+00,3.422802e-04,3.279716e-04,0.000000e+00,1.454044e-08,-3.908376e-10,8.531192e-11,2.030540e-12,-3.941485e-10,-5.389469e-12,1.453841e-08,0.0000,98.0963,1.9037,1.595085e+02
11800,4.331634e-07,1.005411e+01,6.252883e-12,3.450320e-04,0.000000e+00,3.438224e-04,3.279165e-04,0.000000e+00,1.460138e-08,-3.945148e-10,9.645837e-11,2.200374e-12,-3.944897e-10,-5.295208e-12,1.459918e-08,0.0000,98.1166,1.8834,1.594129e+02
11900,4.368343e-07,1.011069e+01,6.288070e-12,3.422197e-04,0.000000e+00,3.426733e-04,3.326344e-04,0.000000e+00,1.454242e-08,-3.846592e-10,8.658894e-11,2.105857e-12,-3.948599e-10,-5.444896e-12,1.454032e-08,0.0000,98.1424,1.8576,1.591903e+02
12000,4.405052e-07,1.015501e+01,6.315634e-12,3.413126e-04,0.000000e+00,3.442458e-04,3.338037e-04,0.000000e+00,1.460137e-08,-4.013605e-10,1.042393e-10,1.967349e-12,-3.942585e-10,-5.456927e-12,1.459940e-08,0.0000,98.1767,1.8233,1.590252e+02
12100,4.441761e-07,1.019821e+01,6.342497e-12,3.427338e-04,0.000000e+00,3.423709e-04,3.354158e-04,0.000000e+00,1.453483e-08,-3.937705e-10,9.831430e-11,2.068851e-12,-3.926714e-10,-5.392954e-12,1.453276e-08,0.0000,98.1982,1.8018,1.593098e+02
12200,4.478470e-07,1.022822e+01,6.361162e-12,3.420988e-04,0.000000e+00,3.414940e-04,3.370142e-04,0.000000e+00,1.450004e-08,-3.936663e-10,9.193586e-11,2.081107e-12,-3.948889e-10,-5.406328e-12,1.449796e-08,0.0000,98.2182,1.7818,1.593481e+02
12300,4.515178e-07,1.022615e+01,6.359876e-12,3.413428e-04,0.000000e+00,3.453042e-04,3.416933e-04,0.000000e+00,1.465592e-08,-4.005545e-10,9.109707e-11,2.080480e-12,-3.920459e-10,-5.405067e-12,1.465384e-08,0.0000,98.2540,1.7460,1.592274e+02
12400,4.551887e-07,1.022729e+01,6.360587e-12,3.425221e-04,0.000000e+00,3.373512e-04,3.423283e-04,0.000000e+00,1.430714e-08,-3.865436e-10,1.091642e-10,2.161789e-12,-3.939891e-10,-5.387785e-12,1.430498e-08,0.0000,98.2568,1.7432,1.589748e+02
12500,4.588596e-07,1.020265e+01,6.345263e-12,3.383491e-04,0.000000e+00,3.454251e-04,3.425236e-04,0.000000e+00,1.465797e-08,-3.981945e-10,9.776411e-11,2.438524e-12,-3.921350e-10,-5.419025e-12,1.465553e-08,0.0000,98.3019,1.6981,1.591680e+02
12600,4.625305e-07,1.019859e+01,6.342734e-12,3.408287e-04,0.000000e+00,3.393167e-04,3.415178e-04,0.000000e+00,1.439643e-08,-3.911551e-10,9.167581e-11,2.663441e-12,-3.899680e-10,-5.290168e-12,1.439376e-08,0.0000,98.3166,1.6834,1.591054e+02
12700,4.662013e-07,1.019355e+01,6.339603e-12,3.433386e-04,0.000000e+00,3.394075e-04,3.441915e-04,0.000000e+00,1.440929e-08,-3.896434e-10,9.607087e-11,2.524426e-12,-3.928450e-10,-5.466090e-12,1.440677e-08,0.0000,98.3229,1.6771,1.593166e+02
12800,4.698722e-07,1.017260e+01,6.326569e-12,3.389236e-04,0.000000e+00,3.430060e-04,3.424741e-04,0.000000e+00,1.455990e-08,-4.016750e-10,9.285446e-11,2.443666e-12,-3.922832e-10,-5.646212e-12,1.455746e-08,0.0000,98.3556,1.6444,1.592626e+02
12900,4.735431e-07,1.018815e+01,6.336244e-12,3.431572e-04,0.000000e+00,3.412521e-04,3.405216e-04,0.000000e+00,1.448252e-08,-4.019301e-10,8.461333e-11,2.559238e-12,-3.903818e-10,-5.346535e-12,1.447996e-08,0.0000,98.3681,1.6319,1.592043e+02
13000,4.772140e-07,1.018481e+01,6.334169e-12,3.394075e-04,0.000000e+00,3.390446e-04,3.399727e-04,0.000000e+00,1.439010e-08,-3.850935e-10,9.063903e-11,2.381624e-12,-3.924014e-10,-5.349039e-12,1.438772e-08,0.0000,98.3850,1.6150,1.592233e+02
13100,4.808848e-07,1.020861e+01,6.348966e-12,3.418871e-04,0.000000e+00,3.426733e-04,3.378562e-04,0.000000e+00,1.453579e-08,-3.991389e-10,8.796032e-11,2.353074e-12,-3.912594e-10,-5.449072e-12,1.453344e-08,0.0000,98.4055,1.5945,1.590514e+02
13200,4.845557e-07,1.025299e+01,6.376571e-12,3.443365e-04,0.000000e+00,3.405566e-04,3.368165e-04,0.000000e+00,1.445046e-08,-3.936463e-10,7.805284e-11,2.654580e-12,-3.924752e-10,-5.274502e-12,1.444781e-08,0.0000,98.4110,1.5890,1.591428e+02
13300,4.882266e-07,1.028869e+01,6.398770e-12,3.424012e-04,0.000000e+00,3.426733e-04,3.363539e-04,0.000000e+00,1.454319e-08,-3.904903e-10,1.066262e-10,2.707034e-12,-3.935103e-10,-5.341949e-12,1.454048e-08,0.0000,98.4291,1.5709,1.592046e+02
13400,4.918975e-07,1.034728e+01,6.435210e-12,3.428548e-04,0.000000e+00,3.425826e-04,3.329280e-04,0.000000e+00,1.453543e-08,-3.934059e-10,8.229942e-11,2.882824e-12,-3.925137e-10,-5.276426e-12,1.453255e-08,0.0000,98.4452,1.5548,1.591269e+02
13500,4.955684e-07,1.038457e+01,6.458404e-12,3.398913e-04,0.000000e+00,3.428548e-04,3.335730e-04,0.000000e+00,1.455590e-08,-3.870751e-10,8.706009e-11,2.854355e-12,-3.921415e-10,-5.418217e-12,1.455305e-08,0.0000,98.4708,1.5292,1.593120e+02
13600,4.992392e-07,1.046203e+01,6.506577e-12,3.436410e-04,0.000000e+00,3.421895e-04,3.305179e-04,0.000000e+00,1.452285e-08,-3.988777e-10,9.115763e-11,2.951761e-12,-3.906592e-10,-5.408168e-12,1.451989e-08,0.0000,98.4825,1.5175,1.592137e+02
13700,5.029101e-07,1.052188e+01,6.543801e-12,3.406775e-04,0.000000e+00,3.422500e-04,3.305372e-04,0.000000e+00,1.451372e-08,-3.928058e-10,9.639053e-11,3.016418e-12,-3.908859e-10,-5.323194e-12,1.451070e-08,0.0000,98.5030,1.4970,1.589502e+02
13800,5.065810e-07,1.059790e+01,6.591074e-12,3.427640e-04,0.000000e+00,3.401635e-04,3.298862e-04,0.000000e+00,1.442587e-08,-3.934369e-10,9.755124e-11,3.137734e-12,-3.906792e-10,-5.284485e-12,1.442273e-08,0.0000,98.5106,1.4894,1.589704e+02
13900,5.102519e-07,1.066424e+01,6.632335e-12,3.415847e-04,0.000000e+00,3.421290e-04,3.303445e-04,0.000000e+00,1.451469e-08,-3.884480e-10,8.549051e-11,3.100128e-12,-3.916751e-10,-5.313432e-12,1.451159e-08,0.0000,98.5274,1.4726,1.590879e+02
14000,5.139227e-07,1.075119e+01,6.686412e-12,3.430664e-04,0.000000e+00,3.420685e-04,3.283352e-04,0.000000e+00,1.450970e-08,-3.933849e-10,1.041520e-10,2.912379e-12,-3.923094e-10,-5.372112e-12,1.450678e-08,0.0000,98.5394,1.4606,1.590374e+02
14100,5.175936e-07,1.082917e+01,6.734908e-12,3.423709e-04,0.000000e+00,3.435805e-04,3.291598e-04,0.000000e+00,1.456121e-08,-3.929057e-10,1.091551e-10,3.106040e-12,-3.931637e-10,-5.273001e-12,1.455810e-08,0.0000,98.5575,1.4425,1.587600e+02
14200,5.212645e-07,1.090209e+01,6.780259e-12,3.436107e-04,0.000000e+00,3.430967e-04,3.312564e-04,0.000000e+00,1.454245e-08,-3.884973e-10,9.245220e-11,3.080233e-12,-3.916826e-10,-5.325824e-12,1.453937e-08,0.0000,98.5704,1.4296,1.587979e+02
14300,5.249354e-07,1.097170e+01,6.823554e-12,3.427036e-04,0.000000e+00,3.412521e-04,3.309095e-04,0.000000e+00,1.446250e-08,-3.928722e-10,1.236324e-10,3.058913e-12,-3.932964e-10,-5.522187e-12,1.445945e-08,0.0000,98.5802,1.4198,1.587559e+02
14400,5.286062e-07,1.103321e+01,6.861803e-12,3.432781e-04,0.000000e+00,3.440341e-04,3.328586e-04,0.000000e+00,1.457897e-08,-4.022602e-10,9.538805e-11,3.168814e-12,-3.933363e-10,-5.500010e-12,1.457580e-08,0.0000,98.5962,1.4038,1.587296e+02
14500,5.322771e-07,1.108242e+01,6.892411e-12,3.427036e-04,0.000000e+00,3.420081e-04,3.343655e-04,0.000000e+00,1.448560e-08,-3.947385e-10,1.203354e-10,3.311569e-12,-3.930074e-10,-5.537812e-12,1.448229e-08,0.0000,98.6077,1.3923,1.585582e+02
14600,5.359480e-07,1.113430e+01,6.924677e-12,3.435503e-04,0.000000e+00,3.424616e-04,3.347604e-04,0.000000e+00,1.449662e-08,-4.055777e-10,1.060822e-10,3.133574e-12,-3.934222e-10,-5.576297e-12,1.449349e-08,0.0000,98.6180,1.3820,1.583988e+02
14700,5.396189e-07,1.120167e+01,6.966575e-12,3.469976e-04,0.000000e+00,3.444575e-04,3.355841e-04,0.000000e+00,1.458772e-08,-3.995845e-10,1.133184e-10,3.282298e-12,-3.946918e-10,-5.464678e-12,1.458444e-08,0.0000,98.6242,1.3758,1.585355e+02
14800,5.432897e-07,1.123168e+01,6.985240e-12,3.424012e-04,0.000000e+00,3.446086e-04,3.373165e-04,0.000000e+00,1.458827e-08,-3.943042e-10,1.090459e-10,3.323787e-12,-3.950678e-10,-5.578718e-12,1.458494e-08,0.0000,98.6431,1.3569,1.583986e+02
14900,5.469606e-07,1.125136e+01,6.997476e-12,3.407078e-04,0.000000e+00,3.438224e-04,3.373744e-04,0.000000e+00,1.455437e-08,-4.032638e-10,1.159650e-10,3.585884e-12,-3.914397e-10,-5.426943e-12,1.455078e-08,0.0000,98.6640,1.3360,1.583971e+02
15000,5.506315e-07,1.128747e+01,7.019933e-12,3.436410e-04,0.000000e+00,3.424314e-04,3.375236e-04,0.000000e+00,1.448144e-08,-3.935906e-10,1.130993e-10,3.527996e-12,-3.915449e-10,-5.555912e-12,1.447791e-08,0.0000,98.6731,1.3269,1.580827e+02
15100,5.543024e-07,1.132370e+01,7.042467e-12,3.438829e-04,0.000000e+00,3.426431e-04,3.377441e-04,0.000000e+00,1.449716e-08,-4.021695e-10,9.959414e-11,3.562899e-12,-3.943095e-10,-5.552605e-12,1.449360e-08,0.0000,98.6819,1.3181,1.582302e+02
15200,5.579733e-07,1.134409e+01,7.055146e-12,3.418569e-04,0.000000e+00,3.439434e-04,3.384029e-04,0.000000e+00,1.455409e-08,-3.974310e-10,1.157764e-10,3.743022e-12,-3.925838e-10,-5.333058e-12,1.455035e-08,0.0000,98.6992,1.3008,1.582797e+02
15300,5.616441e-07,1.137662e+01,7.075382e-12,3.427036e-04,0.000000e+00,3.420988e-04,3.371911e-04,0.000000e+00,1.448564e-08,-3.905595e-10,1.136885e-10,3.821133e-12,-3.910782e-10,-5.334086e-12,1.448182e-08,0.0000,98.7093,1.2907,1.584793e+02
15400,5.653150e-07,1.140986e+01,7.096052e-12,3.433084e-04,0.000000e+00,3.409497e-04,3.376776e-04,0.000000e+00,1.443890e-08,-3.896083e-10,1.106694e-10,3.609541e-12,-3.929629e-10,-5.597764e-12,1.443529e-08,0.0000,98.7146,1.2854,1.585188e+02
15500,5.689859e-07,1.144298e+01,7.116649e-12,3.428548e-04,0.000000e+00,3.445784e-04,3.372438e-04,0.000000e+00,1.457727e-08,-4.083869e-10,1.093765e-10,3.668718e-12,-3.931261e-10,-5.565033e-12,1.457360e-08,0.0000,98.7303,1.2697,1.582013e+02
15600,5.726568e-07,1.149304e+01,7.147783e-12,3.447901e-04,0.000000e+00,3.432176e-04,3.363088e-04,0.000000e+00,1.450996e-08,-3.997832e-10,1.023264e-10,3.855478e-12,-3.926457e-10,-5.452950e-12,1.450610e-08,0.0000,98.7375,1.2625,1.579890e+02
15700,5.763276e-07,1.154122e+01,7.177750e-12,3.452134e-04,0.000000e+00,3.437015e-04,3.370499e-04,0.000000e+00,1.453816e-08,-3.943068e-10,1.157933e-10,3.981326e-12,-3.936155e-10,-5.389605e-12,1.453418e-08,0.0000,98.7446,1.2554,1.581567e+02
15800,5.799985e-07,1.157629e+01,7.199559e-12,3.417964e-04,0.000000e+00,3.431572e-04,3.358554e-04,0.000000e+00,1.451348e-08,-3.950550e-10,1.055683e-10,3.993541e-12,-3.930151e-10,-5.433753e-12,1.450949e-08,0.0000,98.7587,1.2413,1.581163e+02
15900,5.836694e-07,1.163468e+01,7.235874e-12,3.441248e-04,0.000000e+00,3.439434e-04,3.342320e-04,0.000000e+00,1.453970e-08,-3.929654e-10,1.179156e-10,4.186753e-12,-3.921286e-10,-5.347197e-12,1.453551e-08,0.0000,98.7689,1.2311,1.579641e+02
16000,5.873403e-07,1.168966e+01,7.270069e-12,3.426733e-04,0.000000e+00,3.428548e-04,3.333580e-04,0.000000e+00,1.450278e-08,-3.943428e-10,1.242998e-10,4.229855e-12,-3.929576e-10,-5.323219e-12,1.449855e-08,0.0000,98.7796,1.2204,1.581646e+02
16100,5.910111e-07,1.173815e+01,7.300223e-12,3.427943e-04,0.000000e+00,3.453344e-04,3.345799e-04,0.000000e+00,1.460468e-08,-3.912641e-10,1.128209e-10,4.234482e-12,-3.914444e-10,-5.338732e-12,1.460044e-08,0.0000,98.7960,1.2040,1.580946e+02
16200,5.946820e-07,1.176951e+01,7.319724e-12,3.395284e-04,0.000000e+00,3.417964e-04,3.342161e-04,0.000000e+00,1.445137e-08,-3.932421e-10,1.057631e-10,4.088135e-12,-3.905703e-10,-5.482174e-12,1.444728e-08,0.0000,98.8113,1.1887,1.580148e+02
16300,5.983529e-07,1.183268e+01,7.359017e-12,3.417359e-04,0.000000e+00,3.408590e-04,3.310320e-04,0.000000e+00,1.441505e-08,-3.995006e-10,1.284518e-10,3.934973e-12,-3.885595e-10,-5.536590e-12,1.441111e-08,0.0000,98.8190,1.1810,1.580935e+02
16400,6.020238e-07,1.188144e+01,7.389341e-12,3.392865e-04,0.000000e+00,3.407078e-04,3.310257e-04,0.000000e+00,1.439829e-08,-3.973756e-10,1.189207e-10,4.355627e-12,-3.895469e-10,-5.331306e-12,1.439393e-08,0.0000,98.8318,1.1682,1.578617e+02
16500,6.056947e-07,1.195217e+01,7.433329e-12,3.420988e-04,0.000000e+00,3.405566e-04,3.301159e-04,0.000000e+00,1.439495e-08,-3.854595e-10,1.089222e-10,4.636410e-12,-3.893485e-10,-5.348468e-12,1.439031e-08,0.0000,98.8376,1.1624,1.579169e+02
16600,6.093655e-07,1.201248e+01,7.470838e-12,3.414335e-04,0.000000e+00,3.408287e-04,3.312155e-04,0.000000e+00,1.440280e-08,-3.913104e-10,1.094027e-10,4.735330e-12,-3.899311e-10,-5.341206e-12,1.439807e-08,0.0000,98.8455,1.1545,1.578449e+02
16700,6.130364e-07,1.208721e+01,7.517314e-12,3.424012e-04,0.000000e+00,3.414940e-04,3.297403e-04,0.000000e+00,1.442219e-08,-3.934071e-10,1.323453e-10,4.603175e-12,-3.895521e-10,-5.422208e-12,1.441758e-08,0.0000,98.8525,1.1475,1.576581e+02
16800,6.167073e-07,1.214998e+01,7.556348e-12,3.420081e-04,0.000000e+00,3.406775e-04,3.313749e-04,0.000000e+00,1.439858e-08,-3.949688e-10,1.286644e-10,4.443071e-12,-3.922588e-10,-5.561784e-12,1.439414e-08,0.0000,98.8585,1.1415,1.578952e+02
16900,6.203782e-07,1.221929e+01,7.599455e-12,3.414637e-04,0.000000e+00,3.459694e-04,3.297206e-04,0.000000e+00,1.462189e-08,-4.017000e-10,1.178920e-10,4.357577e-12,-3.894141e-10,-5.516800e-12,1.461753e-08,0.0000,98.8777,1.1223,1.579005e+02
17000,6.240490e-07,1.229382e+01,7.645809e-12,3.448808e-04,0.000000e+00,3.376233e-04,3.322533e-04,0.000000e+00,1.425238e-08,-3.938515e-10,1.305722e-10,4.489296e-12,-3.917192e-10,-5.472604e-12,1.424789e-08,0.0000,98.8700,1.1300,1.575201e+02
17100,6.277199e-07,1.235326e+01,7.682774e-12,3.430060e-04,0.000000e+00,3.431572e-04,3.329361e-04,0.000000e+00,1.448242e-08,-3.975231e-10,1.248475e-10,4.277692e-12,-3.928868e-10,-5.620052e-12,1.447815e-08,0.0000,98.8791,1.1209,1.574491e+02
17200,6.313908e-07,1.239718e+01,7.710089e-12,3.401332e-04,0.000000e+00,3.437619e-04,3.326924e-04,0.000000e+00,1.451243e-08,-3.979393e-10,1.212155e-10,4.563301e-12,-3.908979e-10,-5.372905e-12,1.450786e-08,0.0000,98.8956,1.1044,1.575491e+02
17300,6.350617e-07,1.245288e+01,7.744732e-12,3.415242e-04,0.000000e+00,3.423407e-04,3.320869e-04,0.000000e+00,1.444855e-08,-3.912679e-10,1.204803e-10,4.505564e-12,-3.893269e-10,-5.426287e-12,1.444404e-08,0.0000,98.9058,1.0942,1.574622e+02
17400,6.387325e-07,1.248131e+01,7.762414e-12,3.387422e-04,0.000000e+00,3.405566e-04,3.339253e-04,0.000000e+00,1.436884e-08,-3.974054e-10,1.332202e-10,4.653894e-12,-3.896364e-10,-5.457480e-12,1.436418e-08,0.0000,98.9179,1.0821,1.573742e+02
17500,6.424034e-07,1.254644e+01,7.802916e-12,3.426431e-04,0.000000e+00,3.405868e-04,3.316099e-04,0.000000e+00,1.437135e-08,-3.909308e-10,1.258039e-10,4.836576e-12,-3.891046e-10,-5.410395e-12,1.436651e-08,0.0000,98.9215,1.0785,1.573831e+02
17600,6.460743e-07,1.260378e+01,7.838579e-12,3.437317e-04,0.000000e+00,3.404961e-04,3.340165e-04,0.000000e+00,1.437202e-08,-3.957686e-10,1.304272e-10,4.690678e-12,-3.911382e-10,-5.478757e-12,1.436733e-08,0.0000,98.9225,1.0775,1.574909e+02
17700,6.497452e-07,1.264668e+01,7.865257e-12,3.430362e-04,0.000000e+00,3.427943e-04,3.357687e-04,0.000000e+00,1.446145e-08,-3.954892e-10,1.174585e-10,4.584044e-12,-3.929601e-10,-5.566908e-12,1.445686e-08,0.0000,98.9299,1.0701,1.573208e+02
17800,6.534161e-07,1.270124e+01,7.899193e-12,3.432781e-04,0.000000e+00,3.441551e-04,3.340334e-04,0.000000e+00,1.453007e-08,-4.035152e-10,1.350620e-10,4.718920e-12,-3.925485e-10,-5.520800e-12,1.452535e-08,0.0000,98.9396,1.0604,1.575785e+02
17900,6.570869e-07,1.274837e+01,7.928503e-12,3.433386e-04,0.000000e+00,3.433084e-04,3.353543e-04,0.000000e+00,1.448605e-08,-3.990798e-10,1.195553e-10,4.805371e-12,-3.908903e-10,-5.445867e-12,1.448124e-08,0.0000,98.9473,1.0527,1.573949e+02
18000,6.607578e-07,1.279805e+01,7.959400e-12,3.423407e-04,0.000000e+00,3.418266e-04,3.339239e-04,0.000000e+00,1.441445e-08,-3.949035e-10,1.194830e-10,4.821679e-12,-3.913189e-10,-5.439442e-12,1.440963e-08,0.0000,98.9538,1.0462,1.571922e+02
18100,6.644287e-07,1.286078e+01,7.998411e-12,3.448808e-04,0.000000e+00,3.441551e-04,3.342535e-04,0.000000e+00,1.450682e-08,-3.919493e-10,1.349843e-10,4.691083e-12,-3.923352e-10,-5.500049e-12,1.450212e-08,0.0000,98.9598,1.0402,1.570729e+02
18200,6.680996e-07,1.289581e+01,8.020199e-12,3.400727e-04,0.000000e+00,3.443063e-04,3.341374e-04,0.000000e+00,1.451545e-08,-4.048317e-10,1.217588e-10,4.895097e-12,-3.918645e-10,-5.426532e-12,1.451055e-08,0.0000,98.9759,1.0241,1.571237e+02
18300,6.717704e-07,1.295232e+01,8.055343e-12,3.438224e-04,0.000000e+00,3.408287e-04,3.342487e-04,0.000000e+00,1.436724e-08,-3.865399e-10,1.357006e-10,5.009345e-12,-3.900851e-10,-5.352946e-12,1.436223e-08,0.0000,98.9770,1.0230,1.570727e+02
18400,6.754413e-07,1.300443e+01,8.087752e-12,3.431874e-04,0.000000e+00,3.427036e-04,3.343585e-04,0.000000e+00,1.444792e-08,-3.955134e-10,1.458219e-10,5.035169e-12,-3.914157e-10,-5.452864e-12,1.444288e-08,0.0000,98.9831,1.0169,1.571154e+02
18500,6.791122e-07,1.303860e+01,8.109002e-12,3.401937e-04,0.000000e+00,3.427338e-04,3.344051e-04,0.000000e+00,1.445229e-08,-3.945863e-10,1.291676e-10,5.140958e-12,-3.899677e-10,-5.406594e-12,1.444715e-08,0.0000,98.9953,1.0047,1.571778e+02
18600,6.827831e-07,1.309473e+01,8.143910e-12,3.421593e-04,0.000000e+00,3.407682e-04,3.326496e-04,0.000000e+00,1.435625e-08,-3.923561e-10,1.382135e-10,5.073868e-12,-3.893439e-10,-5.504769e-12,1.435118e-08,0.0000,98.9994,1.0006,1.568980e+02
18700,6.864539e-07,1.316383e+01,8.186888e-12,3.454554e-04,0.000000e+00,3.424314e-04,3.337475e-04,0.000000e+00,1.442734e-08,-4.004832e-10,1.263486e-10,5.057608e-12,-3.918918e-10,-5.515906e-12,1.442228e-08,0.0000,99.0003,0.9997,1.569257e+02
18800,6.901248e-07,1.321024e+01,8.215751e-12,3.405868e-04,0.000000e+00,3.427036e-04,3.327241e-04,0.000000e+00,1.443732e-08,-3.985021e-10,1.359701e-10,4.996579e-12,-3.927827e-10,-5.583643e-12,1.443232e-08,0.0000,99.0113,0.9887,1.568997e+02
18900,6.937957e-07,1.326727e+01,8.251221e-12,3.432781e-04,0.000000e+00,3.448203e-04,3.336156e-04,0.000000e+00,1.452190e-08,-3.974762e-10,1.331639e-10,5.076902e-12,-3.898746e-10,-5.506635e-12,1.451682e-08,0.0000,99.0210,0.9790,1.567935e+02
19000,6.974666e-07,1.332215e+01,8.285349e-12,3.417661e-04,0.000000e+00,3.405263e-04,3.324693e-04,0.000000e+00,1.434347e-08,-3.940767e-10,1.454949e-10,5.272888e-12,-3.909871e-10,-5.527657e-12,1.433820e-08,0.0000,99.0251,0.9749,1.568380e+02
19100,7.011374e-07,1.338361e+01,8.323575e-12,3.433688e-04,0.000000e+00,3.429152e-04,3.329555e-04,0.000000e+00,1.443656e-08,-4.025774e-10,1.433681e-10,5.377967e-12,-3.904395e-10,-5.489969e-12,1.443118e-08,0.0000,99.0308,0.9692,1.566861e+02
19200,7.048083e-07,1.343701e+01,8.356781e-12,3.405868e-04,0.000000e+00,3.422500e-04,3.315410e-04,0.000000e+00,1.441874e-08,-3.907088e-10,1.385499e-10,5.383667e-12,-3.905733e-10,-5.636462e-12,1.441336e-08,0.0000,99.0404,0.9596,1.569022e+02
19300,7.084792e-07,1.347130e+01,8.378110e-12,3.390446e-04,0.000000e+00,3.425826e-04,3.332345e-04,0.000000e+00,1.441202e-08,-4.069186e-10,1.393046e-10,5.196211e-12,-3.880939e-10,-5.605163e-12,1.440682e-08,0.0000,99.0534,0.9466,1.564615e+02
19400,7.121501e-07,1.353716e+01,8.419066e-12,3.434293e-04,0.000000e+00,3.398308e-04,3.322722e-04,0.000000e+00,1.430199e-08,-3.975929e-10,1.449300e-10,5.348429e-12,-3.882732e-10,-5.468688e-12,1.429664e-08,0.0000,99.0527,0.9473,1.565706e+02
19500,7.158210e-07,1.358886e+01,8.451224e-12,3.398913e-04,0.000000e+00,3.409799e-04,3.311310e-04,0.000000e+00,1.435361e-08,-3.927249e-10,1.281558e-10,5.484411e-12,-3.895487e-10,-5.513886e-12,1.434813e-08,0.0000,99.0609,0.9391,1.566472e+02
19600,7.194918e-07,1.361890e+01,8.469902e-12,3.407078e-04,0.000000e+00,3.410102e-04,3.356196e-04,0.000000e+00,1.435403e-08,-3.971117e-10,1.281201e-10,5.344189e-12,-3.869434e-10,-5.598360e-12,1.434869e-08,0.0000,99.0675,0.9325,1.566307e+02
19700,7.231627e-07,1.368776e+01,8.512732e-12,3.426128e-04,0.000000e+00,3.394679e-04,3.309455e-04,0.000000e+00,1.428195e-08,-4.002321e-10,1.387749e-10,5.203126e-12,-3.899645e-10,-5.586164e-12,1.427675e-08,0.0000,99.0676,0.9324,1.564805e+02
19800,7.268336e-07,1.375121e+01,8.552192e-12,3.441551e-04,0.000000e+00,3.440039e-04,3.334057e-04,0.000000e+00,1.447043e-08,-3.986360e-10,1.226237e-10,5.135207e-12,-3.905574e-10,-5.572730e-12,1.446529e-08,0.0000,99.0733,0.9267,1.564253e+02
19900,7.305045e-07,1.382233e+01,8.596422e-12,3.431269e-04,0.000000e+00,3.409194e-04,3.310779e-04,0.000000e+00,1.433900e-08,-4.005123e-10,1.495078e-10,5.503225e-12,-3.919100e-10,-5.542908e-12,1.433350e-08,0.0000,99.0751,0.9249,1.563839e+02
20000,7.341753e-07,1.385763e+01,8.618380e-12,3.402239e-04,0.000000e+00,3.434898e-04,3.342424e-04,0.000000e+00,1.444908e-08,-3.979540e-10,1.382772e-10,5.408512e-12,-3.896857e-10,-5.534254e-12,1.444367e-08,0.0000,99.0869,0.9131,1.564385e+02
20100,7.378462e-07,1.392223e+01,8.658552e-12,3.429757e-04,0.000000e+00,3.404356e-04,3.320323e-04,0.000000e+00,1.431849e-08,-3.980942e-10,1.447028e-10,5.542909e-12,-3.886686e-10,-5.556931e-12,1.431294e-08,0.0000,99.0879,0.9121,1.563892e+02
20200,7.415171e-07,1.398753e+01,8.699166e-12,3.446389e-04,0.000000e+00,3.422500e-04,3.335749e-04,0.000000e+00,1.439210e-08,-3.974240e-10,1.381731e-10,5.711942e-12,-3.920114e-10,-5.485354e-12,1.438639e-08,0.0000,99.0893,0.9107,1.563273e+02
20300,7.451880e-07,1.405922e+01,8.743751e-12,3.454251e-04,0.000000e+00,3.467254e-04,3.332797e-04,0.000000e+00,1.457420e-08,-3.984241e-10,1.540878e-10,5.677849e-12,-3.930294e-10,-5.482383e-12,1.456852e-08,0.0000,99.0973,0.9027,1.562118e+02
20400,7.488588e-07,1.409518e+01,8.766112e-12,3.413730e-04,0.000000e+00,3.436107e-04,3.352815e-04,0.000000e+00,1.445174e-08,-3.949249e-10,1.293723e-10,5.698567e-12,-3.917479e-10,-5.605795e-12,1.444604e-08,0.0000,99.1069,0.8931,1.563799e+02
20500,7.525297e-07,1.414235e+01,8.795453e-12,3.422197e-04,0.000000e+00,3.435200e-04,3.342270e-04,0.000000e+00,1.443569e-08,-4.018382e-10,1.511849e-10,5.506466e-12,-3.896530e-10,-5.578634e-12,1.443018e-08,0.0000,99.1146,0.8854,1.561227e+02
20600,7.562006e-07,1.420436e+01,8.834017e-12,3.446691e-04,0.000000e+00,3.431874e-04,3.341635e-04,0.000000e+00,1.442028e-08,-4.040050e-10,1.348205e-10,5.327230e-12,-3.902643e-10,-5.708715e-12,1.441495e-08,0.0000,99.1174,0.8826,1.561016e+02
20700,7.598715e-07,1.423815e+01,8.855033e-12,3.408287e-04,0.000000e+00,3.421895e-04,3.351038e-04,0.000000e+00,1.438020e-08,-4.006458e-10,1.544083e-10,5.483641e-12,-3.905110e-10,-5.648229e-12,1.437471e-08,0.0000,99.1251,0.8749,1.561346e+02
20800,7.635424e-07,1.428694e+01,8.885376e-12,3.422500e-04,0.000000e+00,3.419173e-04,3.339842e-04,0.000000e+00,1.435703e-08,-4.012924e-10,1.245471e-10,5.519767e-12,-3.882215e-10,-5.611217e-12,1.435151e-08,0.0000,99.1297,0.8703,1.558824e+02
20900,7.672132e-07,1.432728e+01,8.910462e-12,3.408892e-04,0.000000e+00,3.419173e-04,3.340552e-04,0.000000e+00,1.436548e-08,-3.987890e-10,1.447726e-10,5.533769e-12,-3.892076e-10,-5.693005e-12,1.435994e-08,0.0000,99.1367,0.8633,1.560620e+02
21000,7.708841e-07,1.436293e+01,8.932632e-12,3.408287e-04,0.000000e+00,3.417661e-04,3.347894e-04,0.000000e+00,1.435529e-08,-4.045460e-10,1.367875e-10,5.333198e-12,-3.888113e-10,-5.679836e-12,1.434995e-08,0.0000,99.1434,0.8566,1.559744e+02
21100,7.745550e-07,1.439979e+01,8.955558e-12,3.424919e-04,0.000000e+00,3.405566e-04,3.362466e-04,0.000000e+00,1.430301e-08,-3.985040e-10,1.333128e-10,5.496994e-12,-3.882357e-10,-5.544440e-12,1.429752e-08,0.0000,99.1451,0.8549,1.559532e+02
21200,7.782259e-07,1.442810e+01,8.973163e-12,3.410706e-04,0.000000e+00,3.424012e-04,3.362746e-04,0.000000e+00,1.438291e-08,-3.961625e-10,1.577756e-10,5.710351e-12,-3.897316e-10,-5.477411e-12,1.437720e-08,0.0000,99.1523,0.8477,1.560022e+02
21300,7.818967e-07,1.446199e+01,8.994241e-12,3.405263e-04,0.000000e+00,3.409497e-04,3.347844e-04,0.000000e+00,1.432019e-08,-3.944649e-10,1.360925e-10,5.731466e-12,-3.871147e-10,-5.634018e-12,1.431446e-08,0.0000,99.1580,0.8420,1.559602e+02
21400,7.855676e-07,1.452933e+01,9.036124e-12,3.449715e-04,0.000000e+00,3.403449e-04,3.335619e-04,0.000000e+00,1.428996e-08,-4.032989e-10,1.351604e-10,5.612560e-12,-3.898620e-10,-5.639908e-12,1.428435e-08,0.0000,99.1551,0.8449,1.558625e+02
21500,7.892385e-07,1.458823e+01,9.072755e-12,3.430664e-04,0.000000e+00,3.437317e-04,3.330878e-04,0.000000e+00,1.443359e-08,-4.011073e-10,1.448803e-10,5.851404e-12,-3.906434e-10,-5.539439e-12,1.442774e-08,0.0000,99.1610,0.8390,1.558925e+02
21600,7.929094e-07,1.465821e+01,9.116276e-12,3.456973e-04,0.000000e+00,3.437317e-04,3.338413e-04,0.000000e+00,1.442554e-08,-3.973960e-10,1.358523e-10,5.799660e-12,-3.913010e-10,-5.651475e-12,1.441975e-08,0.0000,99.1626,0.8374,1.557144e+02
21700,7.965802e-07,1.469252e+01,9.137611e-12,3.410404e-04,0.000000e+00,3.442458e-04,3.352285e-04,0.000000e+00,1.444705e-08,-4.049902e-10,1.382025e-10,5.787303e-12,-3.902463e-10,-5.445789e-12,1.444127e-08,0.0000,99.1727,0.8273,1.557269e+02
21780,7.995169e-07,1.473002e+01,9.160934e-12,3.412899e-04,0.000000e+00,3.424994e-04,3.333481e-04,0.000000e+00,1.436831e-08,-3.948388e-10,1.376940e-10,5.871741e-12,-3.887549e-10,-5.479415e-12,1.436244e-08,0.0000,99.1780,0.8220,1.555954e+02
